{"cameraMode":{"drawMode":0,"name":"Shaded","section":"Shading Mode"},"sceneLighting":false,"audioPlay":false,"sceneViewState":{"showFog":true,"showMaterialUpdate":false,"showSkybox":false,"showFlares":true,"showImageEffects":true,"showParticleSystems":true},"in2DMode":false,"pivot":{"x":-0.6800001263618469,"y":0.8042784929275513,"z":-0.445942223072052},"rotation":{"x":-0.013168217614293099,"y":0.9862618446350098,"z":-0.09826868027448654,"w":-0.1321507692337036},"size":3.820497989654541,"orthographic":false}