{"cameraMode":{"drawMode":0,"name":"Shaded","section":"Shading Mode"},"sceneLighting":false,"audioPlay":false,"sceneViewState":{"showFog":true,"showMaterialUpdate":false,"showSkybox":false,"showFlares":true,"showImageEffects":true,"showParticleSystems":true},"in2DMode":false,"pivot":{"x":-2.8139443397521974,"y":0.535903811454773,"z":-0.5672422051429749},"rotation":{"x":0.09959019720554352,"y":0.41480809450149538,"z":-0.04573541879653931,"w":0.9032891988754273},"size":3.820497512817383,"orthographic":false}