{"cameraMode":{"drawMode":0,"name":"Shaded","section":"Shading Mode"},"sceneLighting":false,"audioPlay":false,"sceneViewState":{"showFog":true,"showMaterialUpdate":false,"showSkybox":false,"showFlares":true,"showImageEffects":true,"showParticleSystems":true},"in2DMode":false,"pivot":{"x":0.39994725584983828,"y":0.8010169267654419,"z":0.020001709461212159},"rotation":{"x":-0.013222423382103444,"y":0.986660361289978,"z":-0.12228535115718842,"w":-0.10667437314987183},"size":5.557074069976807,"orthographic":false}