{"cameraMode":{"drawMode":0,"name":"Shaded","section":"Shading Mode"},"sceneLighting":false,"audioPlay":false,"sceneViewState":{"showFog":true,"showMaterialUpdate":false,"showSkybox":false,"showFlares":true,"showImageEffects":true,"showParticleSystems":true},"in2DMode":false,"pivot":{"x":-0.9832695722579956,"y":0.8761143684387207,"z":0.6421212553977966},"rotation":{"x":-0.3684772849082947,"y":-0.1298902928829193,"z":0.05208076909184456,"w":-0.9190511107444763},"size":4.953496932983398,"orthographic":false}