{"cameraMode":{"drawMode":0,"name":"Shaded","section":"Shading Mode"},"sceneLighting":false,"audioPlay":false,"sceneViewState":{"showFog":true,"showMaterialUpdate":false,"showSkybox":false,"showFlares":true,"showImageEffects":true,"showParticleSystems":true},"in2DMode":false,"pivot":{"x":1.9461674690246583,"y":0.8250031471252441,"z":-0.6655032634735107},"rotation":{"x":-0.013804608024656773,"y":0.9858528971672058,"z":-0.10420543700456619,"w":-0.13059094548225404},"size":2.5062758922576906,"orthographic":false}