{"cameraMode":{"drawMode":0,"name":"Shaded","section":"Shading Mode"},"sceneLighting":false,"audioPlay":false,"sceneViewState":{"showFog":true,"showMaterialUpdate":false,"showSkybox":false,"showFlares":true,"showImageEffects":true,"showParticleSystems":true},"in2DMode":false,"pivot":{"x":-0.0830027163028717,"y":0.08723559975624085,"z":-0.3424058258533478},"rotation":{"x":-0.013222423382103444,"y":0.986660361289978,"z":-0.12228535115718842,"w":-0.10667437314987183},"size":4.906276226043701,"orthographic":false}